Rank,Title,Release,Runtime,Rated,Ratings
1,The Shawshank Redemption,1994,2h 22m,R,9.3
2,The Godfather,1972,2h 55m,R,9.2
3,The Dark Knight,2008,2h 32m,PG-13,9
4,The Godfather Part II,1974,3h 22m,R,9
5,12 Angry Men,1957,1h 36m,Approved,9
6,The Lord of the Rings: The Return of the King,2003,3h 21m,PG-13,9
7,Schindler's List,1993,3h 15m,R,9
8,Pulp Fiction,1994,2h 34m,R,8.9
9,The Lord of the Rings: The Fellowship of the Ring,2001,2h 58m,PG-13,8.9
10,"The Good, the Bad and the Ugly",1966,2h 58m,R,8.8
11,Forrest Gump,1994,2h 22m,PG-13,8.8
12,The Lord of the Rings: The Two Towers,2002,2h 59m,PG-13,8.8
13,Fight Club,1999,2h 19m,R,8.8
14,Inception,2010,2h 28m,PG-13,8.8
15,Star Wars: Episode V - The Empire Strikes Back,1980,2h 4m,PG,8.7
16,The Matrix,1999,2h 16m,R,8.7
17,Goodfellas,1990,2h 25m,R,8.7
18,One Flew Over the Cuckoo's Nest,1975,2h 13m,R,8.7
19,Interstellar,2014,2h 49m,PG-13,8.7
20,Se7en,1995,2h 7m,R,8.6
